City_ID,City,Country,Date,Lat,Lng,Max Temp,Humidity,Cloudiness,Wind Speed
0,Ushuaia,AR,2022-04-04 00:47:43,-54.8,-68.3,37.06,93,40,21.85
1,Bambous Virieux,MU,2022-04-04 00:47:44,-20.3428,57.7575,79.21,83,75,10.36
2,New Norfolk,AU,2022-04-04 00:46:57,-42.7826,147.0587,65.91,65,58,2.35
3,Rikitea,PF,2022-04-04 00:47:43,-23.1203,-134.9692,77.43,65,100,9.6
4,Lebu,CL,2022-04-04 00:54:18,-37.6167,-73.65,53.19,76,0,20.58
5,Mahebourg,MU,2022-04-04 00:54:18,-20.4081,57.7,79.25,83,75,10.36
6,Manyana,BW,2022-04-04 00:54:18,-23.4,21.7167,64.92,85,100,7.09
7,Hilo,US,2022-04-04 00:51:51,19.7297,-155.09,76.24,90,100,5.01
8,Derzhavinsk,KZ,2022-04-04 00:54:19,51.1,66.3167,36.9,74,100,10.58
9,Yar-Sale,RU,2022-04-04 00:54:19,66.8333,70.8333,15.22,88,100,19.44
10,Cayenne,GF,2022-04-04 00:49:26,4.9333,-52.3333,80.1,1,75,4.0
11,Thompson,CA,2022-04-04 00:54:20,55.7435,-97.8558,39.36,48,75,5.75
12,Petropavlovsk-Kamchatskiy,RU,2022-04-04 00:54:20,53.0452,158.6483,32.59,40,0,17.9
13,Hobart,AU,2022-04-04 00:43:46,-42.8794,147.3294,66.25,78,40,9.22
14,Itanhem,BR,2022-04-04 00:54:21,-17.1664,-40.33,68.74,91,0,4.9
15,Nikolskoye,RU,2022-04-04 00:54:21,59.7035,30.7861,28.8,94,66,3.74
16,Berdigestyakh,RU,2022-04-04 00:54:21,62.0989,126.6992,21.09,93,100,8.88
17,Kruisfontein,ZA,2022-04-04 00:54:22,-34.0033,24.7314,57.88,83,49,4.94
18,Klaksvik,FO,2022-04-04 00:54:22,62.2266,-6.589,41.92,98,100,21.77
19,Neuquen,AR,2022-04-04 00:54:22,-38.9516,-68.0591,58.89,38,0,10.36
20,Tuktoyaktuk,CA,2022-04-04 00:54:23,69.4541,-133.0374,-18.4,76,20,4.61
21,Yarada,IN,2022-04-04 00:54:23,17.65,83.2667,80.92,89,20,5.75
22,Ribeira Grande,PT,2022-04-04 00:54:23,38.5167,-28.7,60.04,76,100,13.27
23,Busselton,AU,2022-04-04 00:54:24,-33.65,115.3333,66.18,62,10,15.82
24,Puerto Ayora,EC,2022-04-04 00:54:24,-0.7393,-90.3518,75.54,96,100,5.01
25,Krasnoyarskiy,RU,2022-04-04 00:54:24,51.965,59.8967,39.38,75,100,11.45
26,Bluff,NZ,2022-04-04 00:54:25,-46.6,168.3333,58.37,71,42,7.05
27,Vaini,TO,2022-04-04 00:54:25,-21.2,-175.2,78.96,89,75,6.91
28,Kapaa,US,2022-04-04 00:47:36,22.0752,-159.319,82.38,74,40,18.41
29,Fortuna,US,2022-04-04 00:54:26,40.5982,-124.1573,56.93,67,0,9.22
30,Samarai,PG,2022-04-04 00:54:26,-10.6167,150.6667,82.76,74,88,10.74
31,Phan Thiet,VN,2022-04-04 00:54:26,10.9333,108.1,81.52,65,54,6.42
32,Camacha,PT,2022-04-04 00:54:26,33.0833,-16.3333,56.62,58,40,25.32
33,Uthal,PK,2022-04-04 00:54:27,25.8072,66.6219,73.96,64,3,2.01
34,Springfield,US,2022-04-04 00:50:32,37.2153,-93.2982,63.9,47,99,3.0
35,Carnarvon,AU,2022-04-04 00:49:50,-24.8667,113.6333,78.87,83,15,9.22
36,Tigil,RU,2022-04-04 00:54:27,57.8,158.6667,25.54,81,100,10.78
37,Beyneu,KZ,2022-04-04 00:54:28,45.3167,55.2,60.46,49,100,11.61
38,Kuliyapitiya,LK,2022-04-04 00:54:28,7.4688,80.0401,76.68,94,10,2.39
39,Buta,CD,2022-04-04 00:54:28,2.7858,24.73,70.2,97,100,2.06
40,Ibra,OM,2022-04-04 00:54:28,22.6906,58.5334,70.77,37,0,1.57
41,Avarua,CK,2022-04-04 00:50:14,-21.2078,-159.775,75.25,88,75,19.57
42,Ambilobe,MG,2022-04-04 00:54:29,-13.2,49.05,71.96,95,78,1.72
43,Yellowknife,CA,2022-04-04 00:50:52,62.456,-114.3525,24.42,62,40,16.11
44,Kaduna,NG,2022-04-04 00:54:29,10.5222,7.4383,77.59,45,100,3.44
45,Albany,US,2022-04-04 00:47:08,42.6001,-73.9662,38.03,90,100,1.01
46,Mataura,NZ,2022-04-04 00:54:30,-46.1927,168.8643,65.12,50,5,0.74
47,Hit,IQ,2022-04-04 00:55:30,33.6416,42.8251,70.47,31,100,11.05
48,Hermanus,ZA,2022-04-04 00:45:49,-34.4187,19.2345,56.8,88,4,2.33
49,Ponta Do Sol,PT,2022-04-04 00:55:30,32.6667,-17.1,60.71,65,100,13.98
50,Faanui,PF,2022-04-04 00:47:39,-16.4833,-151.75,82.18,69,10,11.81
51,Sola,VU,2022-04-04 00:55:31,-13.8833,167.55,77.67,94,100,3.44
52,Punta Arenas,CL,2022-04-04 00:55:31,-53.15,-70.9167,37.51,81,40,4.61
53,Cidreira,BR,2022-04-04 00:55:31,-30.1811,-50.2056,68.72,97,100,8.68
54,Sur,OM,2022-04-04 00:55:32,22.5667,59.5289,81.72,35,3,10.6
55,Soe,ID,2022-04-04 00:55:32,-9.8607,124.284,76.05,64,39,2.57
56,Waingapu,ID,2022-04-04 00:55:32,-9.6567,120.2641,81.82,67,51,1.45
57,Port Alfred,ZA,2022-04-04 00:55:33,-33.5906,26.891,66.18,89,66,1.99
58,Nabire,ID,2022-04-04 00:55:33,-3.3667,135.4833,85.86,60,13,2.33
59,Nome,US,2022-04-04 00:55:33,64.5011,-165.4064,16.11,63,4,4.79
60,La Union,PE,2022-04-04 00:55:34,-5.4,-80.75,74.77,66,59,18.63
61,Tomatlan,MX,2022-04-04 00:55:34,19.9333,-105.25,73.26,66,2,6.29
62,Yakeshi,CN,2022-04-04 00:55:34,49.2833,120.7333,30.65,55,15,6.46
63,Westport,US,2022-04-04 00:55:35,41.1415,-73.3579,43.9,94,75,6.91
64,Lake Charles,US,2022-04-04 00:55:07,30.2131,-93.2044,70.99,71,0,8.05
65,San Cristobal,VE,2022-04-04 00:55:35,7.7669,-72.225,69.98,80,58,2.89
66,Kodiak,US,2022-04-04 00:47:38,57.79,-152.4072,36.91,87,100,9.22
67,Meadow Lake,US,2022-04-04 00:55:35,34.8014,-106.5436,71.62,18,99,3.27
68,Bahia Blanca,AR,2022-04-04 00:55:36,-38.7196,-62.2724,53.69,37,0,6.96
69,Isangel,VU,2022-04-04 00:51:59,-19.55,169.2667,87.91,74,75,3.44
70,Grindavik,IS,2022-04-04 00:55:36,63.8424,-22.4338,37.87,100,75,3.44
71,Lakes Entrance,AU,2022-04-04 00:55:36,-37.8811,147.981,61.32,87,100,16.75
72,Qaanaaq,GL,2022-04-04 00:55:37,77.484,-69.3632,11.35,67,88,7.74
73,Lewistown,US,2022-04-04 00:55:37,40.5992,-77.5714,40.87,81,100,13.8
74,Ketchikan,US,2022-04-04 00:55:37,55.3422,-131.6461,39.18,96,100,8.39
75,Beberibe,BR,2022-04-04 00:55:38,-4.1797,-38.1306,77.38,90,80,9.51
76,Kaeo,NZ,2022-04-04 00:55:38,-35.1,173.7833,74.32,78,55,6.31
77,Havre-Saint-Pierre,CA,2022-04-04 00:55:38,50.2334,-63.5986,35.6,60,0,5.75
78,Codrington,AU,2022-04-04 00:55:38,-38.2667,141.9667,64.15,63,70,7.78
79,Saint George,US,2022-04-04 00:55:39,37.1041,-113.5841,73.99,24,75,14.97
80,Dubbo,AU,2022-04-04 00:55:39,-32.25,148.6167,69.93,68,0,10.36
81,Mar Del Plata,AR,2022-04-04 00:55:39,-38.0023,-57.5575,57.22,67,0,14.0
82,Nha Trang,VN,2022-04-04 00:55:40,12.25,109.1833,78.8,87,100,8.05
83,Jamestown,US,2022-04-04 00:55:40,42.097,-79.2353,34.02,65,100,11.5
84,Pafos,CY,2022-04-04 00:55:40,34.7667,32.4167,58.78,38,0,8.05
85,Kavaratti,IN,2022-04-04 00:55:41,10.5669,72.642,82.47,70,46,6.53
86,Brae,GB,2022-04-04 00:55:41,60.3964,-1.353,46.09,95,100,16.89
87,Am Timan,TD,2022-04-04 00:55:41,11.0297,20.2827,87.22,37,100,4.36
88,Oranjemund,,2022-04-04 00:55:42,-28.55,16.4333,59.58,89,81,5.73
89,Gravina In Puglia,IT,2022-04-04 00:54:40,40.8197,16.4228,43.54,84,100,0.36
90,Ahuimanu,US,2022-04-04 00:55:42,21.4447,-157.8378,76.46,78,47,5.99
91,Chuy,UY,2022-04-04 00:47:41,-33.6971,-53.4616,63.52,94,6,4.52
92,Merced,US,2022-04-04 00:55:42,37.1666,-120.7516,81.03,17,9,10.07
93,Barrow,US,2022-04-04 00:47:27,71.2906,-156.7887,-5.78,77,0,14.97
94,Iqaluit,CA,2022-04-04 00:56:43,63.7506,-68.5145,20.93,73,75,11.5
95,Northampton,US,2022-04-04 00:52:04,40.8754,-75.2499,42.04,74,54,12.91
96,Sorland,NO,2022-04-04 00:56:43,67.667,12.6934,31.89,87,63,24.96
97,Gabriel Leyva Solano,MX,2022-04-04 00:56:44,25.6667,-108.6417,75.02,46,64,9.98
98,Castro,BR,2022-04-04 00:47:39,-24.7911,-50.0119,63.57,96,89,5.41
99,Severo-Kurilsk,RU,2022-04-04 00:56:32,50.6789,156.125,34.09,90,23,10.98
100,Udachnyy,RU,2022-04-04 00:56:44,66.4167,112.4,5.45,84,100,13.0
101,Meulaboh,ID,2022-04-04 00:56:44,4.1363,96.1285,76.05,83,97,3.38
102,Tanout,NE,2022-04-04 00:56:45,14.9709,8.8879,80.26,6,72,9.84
103,Norman Wells,CA,2022-04-04 00:56:45,65.282,-126.8329,5.04,51,75,6.91
104,Impfondo,CG,2022-04-04 00:56:45,1.6381,18.0667,70.83,97,71,0.94
105,Luderitz,,2022-04-04 00:56:45,-26.6481,15.1594,58.24,88,0,4.09
106,Griffith,US,2022-04-04 00:56:46,41.5284,-87.4237,49.39,78,40,4.61
107,Jumla,NP,2022-04-04 00:56:23,29.2747,82.1838,47.12,37,0,4.52
108,Tecoanapa,MX,2022-04-04 00:56:46,16.5167,-98.75,78.26,67,100,8.52
109,Tromso,NO,2022-04-04 00:56:46,69.6496,18.957,17.62,73,73,2.3
110,Vila,PT,2022-04-04 00:56:47,42.0304,-8.1588,32.88,77,5,4.88
111,Bredasdorp,ZA,2022-04-04 00:56:47,-34.5322,20.0403,58.71,92,27,3.09
112,Okhotsk,RU,2022-04-04 00:56:47,59.3833,143.3,23.77,86,100,14.97
113,Geraldton,AU,2022-04-04 00:56:48,-28.7667,114.6,73.81,78,100,18.41
114,Hamilton,US,2022-04-04 00:56:48,39.1834,-84.5333,50.88,56,47,3.2
115,Atuona,PF,2022-04-04 00:47:20,-9.8,-139.0333,79.47,76,4,21.18
116,Porto Santo,PT,2022-04-04 00:56:48,33.072,-16.3415,59.38,58,40,25.32
117,Khatanga,RU,2022-04-04 00:56:49,71.9667,102.5,-20.81,100,92,2.75
118,Gamba,GA,2022-04-04 00:56:49,-2.65,10.0,76.44,94,97,1.32
119,Los Llanos De Aridane,ES,2022-04-04 00:56:49,28.6585,-17.9182,55.15,90,0,9.22
120,Pascagoula,US,2022-04-04 00:56:50,30.3658,-88.5561,69.42,76,0,6.11
121,Padang,ID,2022-04-04 00:56:50,-0.9492,100.3543,75.25,70,5,3.18
122,Tutoia,BR,2022-04-04 00:56:50,-2.7619,-42.2744,76.96,91,100,6.2
123,Soddy-Daisy,US,2022-04-04 00:56:51,35.2359,-85.1908,57.02,42,9,4.43
124,Sidney,AU,2022-04-04 00:56:26,-33.8679,151.2073,78.58,42,0,10.36
125,Halifax,CA,2022-04-04 00:53:58,44.6453,-63.5724,38.68,76,61,3.44
126,Khandyga,RU,2022-04-04 00:56:51,62.6667,135.6,21.76,81,100,4.27
127,Pangnirtung,CA,2022-04-04 00:56:52,66.1451,-65.7125,23.59,92,100,1.14
128,Bengkulu,ID,2022-04-04 00:56:52,-3.8004,102.2655,78.84,72,36,3.02
129,Neyshabur,IR,2022-04-04 00:56:52,36.2133,58.7958,62.94,21,0,1.97
130,Butaritari,KI,2022-04-04 00:56:53,3.0707,172.7902,81.39,72,97,11.92
131,Port Elizabeth,ZA,2022-04-04 00:47:37,-33.918,25.5701,62.31,98,20,6.91
132,Bethel,US,2022-04-04 00:56:53,41.3712,-73.414,41.36,90,97,4.0
133,Paamiut,GL,2022-04-04 00:56:53,61.994,-49.6678,36.12,82,100,7.2
134,Ginir,ET,2022-04-04 00:56:54,7.1333,40.7,57.27,61,100,4.97
135,Churapcha,RU,2022-04-04 00:56:54,62.0025,132.4325,21.6,90,100,3.33
136,Pitimbu,BR,2022-04-04 00:55:06,-7.4706,-34.8086,75.79,79,67,10.89
137,Ternate,ID,2022-04-04 00:57:54,0.8,127.4,82.51,72,90,1.45
138,Kalashnikovo,RU,2022-04-04 00:57:55,57.2824,35.2262,19.89,97,28,2.98
139,Appleton,US,2022-04-04 00:56:53,44.2619,-88.4154,41.32,82,100,10.36
140,Acarau,BR,2022-04-04 00:57:55,-2.8856,-40.12,77.52,90,92,9.28
141,Port Blair,IN,2022-04-04 00:57:55,11.6667,92.75,80.69,77,99,7.31
142,Washougal,US,2022-04-04 00:57:56,45.5826,-122.3534,55.71,70,100,10.0
143,Beringovskiy,RU,2022-04-04 00:57:56,63.05,179.3167,2.07,74,81,18.23
144,Cherskiy,RU,2022-04-04 00:57:56,68.75,161.3,0.91,86,100,3.24
145,Pak Phanang,TH,2022-04-04 00:57:57,8.3511,100.202,77.02,94,100,3.69
146,Arraial Do Cabo,BR,2022-04-04 00:57:57,-22.9661,-42.0278,76.57,87,3,4.38
147,San Quintin,MX,2022-04-04 00:57:57,30.4833,-115.95,61.14,69,0,13.78
148,Provideniya,RU,2022-04-04 00:57:58,64.3833,-173.3,10.51,67,0,15.99
149,Menzelinsk,RU,2022-04-04 00:57:58,55.7271,53.1026,31.42,93,85,5.64
150,Ewa Beach,US,2022-04-04 00:57:58,21.3156,-158.0072,76.69,80,12,25.5
151,Victoria,HK,2022-04-04 00:57:58,22.2855,114.1577,68.38,45,0,11.01
152,Anadyr,RU,2022-04-04 00:57:59,64.75,177.4833,3.7,71,86,15.66
153,Harrison,US,2022-04-04 00:57:59,30.4091,-89.0436,67.75,77,0,5.59
154,Bulgan,MN,2022-04-04 00:57:59,48.8125,103.5347,44.47,36,74,20.24
155,Karratha,AU,2022-04-04 00:58:00,-20.7377,116.8463,85.06,57,0,9.95
156,Lasa,IT,2022-04-04 00:56:12,46.6166,10.7002,35.69,95,99,1.88
157,Poya,NC,2022-04-04 00:58:00,-21.35,165.15,84.67,74,100,6.73
158,Nanortalik,GL,2022-04-04 00:58:00,60.1432,-45.2371,35.2,81,100,5.37
159,Linxia,CN,2022-04-04 00:55:19,35.6003,103.2064,48.92,23,98,3.38
160,Kokkola,FI,2022-04-04 00:58:01,63.8385,23.1307,22.03,87,0,3.44
161,Bandarbeyla,SO,2022-04-04 00:58:01,9.4942,50.8122,76.1,81,8,1.28
162,Fairbanks,US,2022-04-04 00:58:01,64.8378,-147.7164,28.24,55,100,1.99
163,Puerto Colombia,CO,2022-04-04 00:57:47,10.9878,-74.9547,80.69,85,91,22.84
164,Tasiilaq,GL,2022-04-04 00:58:02,65.6145,-37.6368,15.01,94,100,7.9
165,Kudahuvadhoo,MV,2022-04-04 00:58:02,2.6708,72.8944,83.01,61,8,1.95
166,Aksarka,RU,2022-04-04 00:58:03,66.5606,67.7975,17.46,94,100,19.95
167,Dikson,RU,2022-04-04 00:56:40,73.5069,80.5464,0.5,96,82,9.19
168,Bose,IT,2022-04-04 00:58:03,45.4612,8.0137,42.76,86,98,2.68
169,Visnes,NO,2022-04-04 00:58:04,59.3556,5.2242,40.21,93,100,14.97
170,Okha,RU,2022-04-04 00:58:04,53.5739,142.9478,38.43,92,29,13.31
171,Coquimbo,CL,2022-04-04 00:58:05,-29.9533,-71.3436,61.39,83,45,2.48
172,Bowen,AU,2022-04-04 00:55:00,-20.0167,148.2333,83.48,67,25,7.63
173,Ambon,ID,2022-04-04 00:56:08,-3.6954,128.1814,93.34,59,40,3.44
174,Saint-Philippe,RE,2022-04-04 00:58:06,-21.3585,55.7679,74.79,88,97,13.44
175,Airai,TL,2022-04-04 00:58:06,-8.9266,125.4092,70.75,55,10,2.66
176,Upernavik,GL,2022-04-04 00:58:07,72.7868,-56.1549,15.31,82,99,3.51
177,Iwaki,JP,2022-04-04 00:54:57,37.05,140.8833,58.77,71,100,5.99
178,Gilgit,PK,2022-04-04 00:58:07,35.9221,74.3087,53.56,54,23,4.81
179,Longyearbyen,SJ,2022-04-04 00:58:07,78.2186,15.6401,8.44,52,20,23.02
180,Cape Town,ZA,2022-04-04 00:55:24,-33.9258,18.4232,60.12,80,20,8.05
181,Floro,NO,2022-04-04 00:58:08,61.5996,5.0328,35.24,100,100,10.36
182,Goure,NE,2022-04-04 00:58:08,13.9835,10.2704,77.76,7,79,6.64
183,Rantepao,ID,2022-04-04 00:58:09,-2.9701,119.8978,76.78,70,54,1.32
184,Botucatu,BR,2022-04-04 00:58:09,-22.8858,-48.445,67.41,92,80,6.49
185,Ancud,CL,2022-04-04 00:59:09,-41.8697,-73.8203,50.23,89,100,6.4
186,San Patricio,US,2022-04-04 00:59:10,28.017,-97.5169,77.09,71,97,12.93
187,Pacific Grove,US,2022-04-04 00:54:23,36.6177,-121.9166,68.54,72,8,8.99
188,Chokurdakh,RU,2022-04-04 00:59:10,70.6333,147.9167,-3.51,92,96,3.62
189,Vanimo,PG,2022-04-04 00:54:31,-2.6741,141.3028,86.05,64,98,1.3
190,Sao Filipe,CV,2022-04-04 00:59:11,14.8961,-24.4956,70.72,74,6,7.09
191,Benguela,AO,2022-04-04 00:57:41,-12.5763,13.4055,75.61,85,78,6.2
192,Luba,GQ,2022-04-04 00:54:37,3.4568,8.5547,78.69,80,15,5.53
193,Kidal,ML,2022-04-04 00:59:11,18.4411,1.4078,82.81,7,12,1.63
194,Rawson,AR,2022-04-04 00:57:26,-43.3002,-65.1023,56.77,45,4,10.38
195,Vao,NC,2022-04-04 00:59:12,-22.6667,167.4833,79.52,86,20,15.86
196,Kikwit,CD,2022-04-04 00:59:12,-5.041,18.8162,71.08,92,100,2.28
197,Adre,TD,2022-04-04 00:55:06,13.4667,22.2,77.0,14,92,7.96
198,Labuhan,ID,2022-04-04 00:59:14,-6.8844,112.2051,80.15,80,58,6.82
199,Ola,RU,2022-04-04 00:59:14,59.5833,151.2833,21.15,73,22,1.81
200,Carauari,BR,2022-04-04 00:55:26,-4.8828,-66.8958,72.54,97,10,1.88
201,Newport,GB,2022-04-04 00:54:27,51.5877,-2.9984,46.94,77,100,18.01
202,Vila Franca Do Campo,PT,2022-04-04 00:59:15,37.7167,-25.4333,57.61,73,46,13.67
203,Lompoc,US,2022-04-04 00:54:42,34.6391,-120.4579,65.12,84,100,14.97
204,Namibe,AO,2022-04-04 00:54:20,-15.1961,12.1522,70.52,79,92,8.03
205,Chapais,CA,2022-04-04 00:59:15,49.7834,-74.8492,37.18,89,100,5.39
206,Mandan,US,2022-04-04 00:56:45,46.8267,-100.8896,39.18,88,100,4.61
207,Erenhot,CN,2022-04-04 00:59:16,43.6475,111.9767,48.78,21,85,12.59
208,Insuratei,RO,2022-04-04 00:59:16,44.9167,27.6,39.79,57,100,8.32
209,Gazli,UZ,2022-04-04 00:59:16,40.1333,63.45,63.5,32,7,9.62
210,Llanes,ES,2022-04-04 00:59:17,43.4198,-4.7549,41.29,77,83,7.29
211,Santa Cruz De La Palma,ES,2022-04-04 00:59:17,28.6835,-17.7642,59.14,77,0,9.22
212,Nizhnyaya Tavda,RU,2022-04-04 00:59:17,57.6731,66.1725,36.84,93,100,10.42
213,Esperance,AU,2022-04-04 00:59:18,-33.8667,121.9,66.04,84,91,5.57
214,Hithadhoo,MV,2022-04-04 00:59:18,-0.6,73.0833,82.8,69,5,4.79
215,Homer,US,2022-04-04 00:59:19,59.6425,-151.5483,38.8,81,100,4.0
216,Deputatskiy,RU,2022-04-04 00:59:19,69.3,139.9,-3.26,91,22,2.93
217,Sunggal,ID,2022-04-04 00:59:19,3.5765,98.6151,75.18,100,40,0.0
218,Maldonado,UY,2022-04-04 00:59:20,-34.6667,-54.9167,65.59,93,0,6.67
219,Goderich,CA,2022-04-04 00:56:08,43.7501,-81.7165,34.92,86,9,4.61
220,Vostok,RU,2022-04-04 00:59:20,46.4856,135.8833,46.62,59,0,8.14
221,Bintulu,MY,2022-04-04 00:59:21,3.1667,113.0333,77.41,88,20,7.0
222,Batemans Bay,AU,2022-04-04 00:59:21,-35.7167,150.1833,65.1,63,100,5.39
223,Champerico,GT,2022-04-04 00:59:21,14.3,-91.9167,82.83,67,10,8.79
224,Chernyshevskiy,RU,2022-04-04 00:57:52,63.0128,112.4714,12.49,91,96,3.36
225,Tuatapere,NZ,2022-04-04 00:59:22,-46.1333,167.6833,62.98,53,100,2.59
226,Cabo San Lucas,MX,2022-04-04 00:59:22,22.8909,-109.9124,73.62,75,68,15.52
227,Honiara,SB,2022-04-04 00:59:23,-9.4333,159.95,83.53,78,100,7.18
228,Clyde River,CA,2022-04-04 00:59:23,70.4692,-68.5914,10.63,92,100,5.75
229,Fort Nelson,CA,2022-04-04 00:57:52,58.8053,-122.7002,38.79,48,75,8.05
230,Shima,CN,2022-04-04 00:59:23,24.4478,117.8111,62.62,55,0,3.76
231,Neryungri,RU,2022-04-04 01:00:24,56.6709,124.6491,14.2,86,100,13.18
232,Mount Gambier,AU,2022-04-04 01:00:24,-37.8333,140.7667,65.14,53,52,5.35
233,Comodoro Rivadavia,AR,2022-04-04 00:58:52,-45.8667,-67.5,58.86,36,0,21.85
234,Pathardi,IN,2022-04-04 01:00:25,19.1667,75.1833,81.18,22,99,0.78
235,Independence,US,2022-04-04 00:56:23,39.0911,-94.4155,61.68,98,100,5.66
236,Vardo,NO,2022-04-04 01:00:25,70.3705,31.1107,27.16,71,100,10.36
237,Port Hardy,CA,2022-04-04 01:00:26,50.6996,-127.4199,43.79,77,100,10.42
238,Lipany,SK,2022-04-04 01:00:26,49.1538,20.9638,31.32,81,57,2.98
239,Mecca,SA,2022-04-04 00:55:44,21.4267,39.8261,80.6,29,97,3.71
240,Mehamn,NO,2022-04-04 01:00:27,71.0357,27.8492,23.32,65,98,10.65
241,Flin Flon,CA,2022-04-04 01:00:27,54.7682,-101.865,31.28,96,100,3.29
242,Georgetown,MY,2022-04-04 01:00:28,5.4112,100.3354,80.53,83,20,3.44
243,Ilulissat,GL,2022-04-04 00:58:08,69.2167,-51.1,18.41,90,32,6.98
244,Jati,PK,2022-04-04 01:00:29,24.3539,68.2671,74.16,72,72,8.84
245,Grand Gaube,MU,2022-04-04 01:00:29,-20.0064,57.6608,79.38,81,8,7.0
246,Tiksi,RU,2022-04-04 01:00:18,71.6872,128.8694,6.13,93,100,8.46
247,La Jigua,EC,2022-04-04 01:00:30,-1.0587,-80.2569,75.13,94,80,2.42
248,Guerrero Negro,MX,2022-04-04 01:00:30,27.9769,-114.0611,62.22,62,0,15.3
249,San Andres,CO,2022-04-04 01:00:30,12.5847,-81.7006,80.76,78,11,15.37
250,Vila Velha,BR,2022-04-04 00:58:36,-20.3297,-40.2925,80.94,84,40,2.3
251,Kouango,CF,2022-04-04 01:00:31,4.9934,19.9619,74.34,79,99,3.11
252,Pisco,PE,2022-04-04 01:00:31,-13.7,-76.2167,65.01,90,9,3.76
253,Sitka,US,2022-04-04 01:00:05,57.0531,-135.33,39.34,85,54,8.25
254,Buchanan,LR,2022-04-04 01:00:32,5.8808,-10.0467,78.31,88,48,3.96
255,Shimanovsk,RU,2022-04-04 01:00:32,52.0,127.7,34.79,58,15,15.93
256,College,US,2022-04-04 01:00:32,64.8569,-147.8028,28.22,56,100,1.99
257,Katsuura,JP,2022-04-04 01:00:32,35.1333,140.3,50.02,88,100,14.92
258,Umea,SE,2022-04-04 01:00:33,63.8284,20.2597,26.91,100,75,1.14
259,Concepcion,CL,2022-04-04 01:00:22,-36.827,-73.0498,53.49,58,0,6.96
260,Rafaela,AR,2022-04-04 01:00:17,-31.2503,-61.4867,68.99,50,0,1.99
261,Forst,DE,2022-04-04 01:00:33,51.7333,14.6333,35.87,79,97,12.53
262,Fare,PF,2022-04-04 01:00:34,-16.7,-151.0167,82.29,70,33,12.24
263,Constitucion,CL,2022-04-04 01:00:34,-35.3333,-72.4167,54.59,58,0,11.97
264,Eyl,SO,2022-04-04 01:00:34,7.9803,49.8164,75.9,85,6,4.88
265,Mount Isa,AU,2022-04-04 01:00:34,-20.7333,139.5,83.97,14,8,12.66
266,Garowe,SO,2022-04-04 01:00:35,8.4054,48.4845,70.12,82,4,4.97
267,Matara,LK,2022-04-04 01:00:35,5.9485,80.5353,76.89,87,87,2.62
268,Vokhma,RU,2022-04-04 01:00:36,58.9303,46.7586,24.12,92,100,6.51
269,Saldanha,ZA,2022-04-04 01:00:36,-33.0117,17.9442,59.49,91,0,10.16
270,Vitim,RU,2022-04-04 01:00:36,59.4511,112.5578,18.59,90,100,8.75
271,Bandiagara,ML,2022-04-04 01:00:37,14.3501,-3.6104,82.9,9,100,3.29
272,Saint-Francois,FR,2022-04-04 00:58:22,46.4154,3.9054,35.04,75,0,6.91
273,Bukama,CD,2022-04-04 01:00:37,-9.2,25.85,69.19,97,99,2.53
274,Petropavlovka,RU,2022-04-04 01:00:37,50.6114,105.3196,30.31,84,100,7.34
275,Iranshahr,IR,2022-04-04 01:00:38,27.2025,60.6848,76.15,14,9,3.67
276,Ponta Delgada,PT,2022-04-04 01:00:38,37.7333,-25.6667,57.92,72,40,8.05
277,Te Anau,NZ,2022-04-04 01:00:38,-45.4167,167.7167,67.82,34,27,0.83
278,Cody,US,2022-04-04 01:01:08,44.5263,-109.0565,49.91,21,95,8.01
279,Sao Sepe,BR,2022-04-04 01:01:39,-30.1606,-53.5653,63.37,99,100,6.53
280,Miesbach,DE,2022-04-04 00:57:35,47.789,11.8338,16.97,97,35,4.18
281,Talnakh,RU,2022-04-04 01:01:39,69.4865,88.3972,0.03,96,86,7.76
282,Buala,SB,2022-04-04 01:01:40,-8.145,159.5921,82.4,79,100,10.78
283,Moose Factory,CA,2022-04-04 01:01:40,51.2585,-80.6094,14.07,95,23,4.81
284,Guilin,CN,2022-04-04 01:00:18,25.2819,110.2864,62.15,60,0,2.1
285,Korgen,NO,2022-04-04 01:01:40,66.0771,13.8153,19.72,96,97,5.64
286,Rock Sound,BS,2022-04-04 01:01:41,24.9,-76.2,77.45,78,4,5.37
287,Tokur,RU,2022-04-04 01:01:41,53.1333,132.9,30.61,96,100,11.99
288,Pevek,RU,2022-04-04 01:01:41,69.7008,170.3133,-5.67,87,5,2.77
289,Aswan,EG,2022-04-04 01:01:42,24.0934,32.907,82.15,17,100,6.35
290,Port Lincoln,AU,2022-04-04 01:00:28,-34.7333,135.8667,66.74,62,8,6.02
291,Hoshcha,UA,2022-04-04 01:01:42,50.6003,26.6744,25.3,88,16,10.09
292,Kysyl-Syr,RU,2022-04-04 01:01:42,63.8986,122.7617,19.24,93,100,6.13
293,Vynohradove,UA,2022-04-04 01:01:43,46.3696,32.9398,39.29,76,98,14.32
294,Wadi Musa,JO,2022-04-04 01:01:43,30.3222,35.4793,61.16,23,8,2.33
295,Manakara,MG,2022-04-04 01:01:43,-22.1333,48.0167,71.31,93,34,5.84
296,Catamarca,AR,2022-04-04 01:01:43,-28.4696,-65.7852,63.59,54,0,3.36
297,Manuk Mangkaw,PH,2022-04-04 01:01:44,4.8,119.85,82.33,72,23,7.38
298,Morondava,MG,2022-04-04 01:01:44,-20.2833,44.2833,77.14,74,0,7.83
299,Alcudia,ES,2022-04-04 01:01:44,39.8532,3.1214,50.2,61,100,20.85
300,Bathsheba,BB,2022-04-04 01:01:09,13.2167,-59.5167,77.85,75,96,16.75
301,Saskylakh,RU,2022-04-04 01:00:31,71.9167,114.0833,-3.91,96,100,11.59
302,Raudeberg,NO,2022-04-04 00:57:08,61.9875,5.1352,32.67,95,100,8.66
303,Biak,ID,2022-04-04 01:01:45,-0.9131,122.8766,81.59,75,90,2.46
304,Malindi,KE,2022-04-04 01:00:44,-3.2175,40.1191,80.89,79,23,8.28
305,Nosy Varika,MG,2022-04-04 01:01:45,-20.5833,48.5333,73.74,87,80,7.34
306,Changli,CN,2022-04-04 01:01:46,39.7042,119.1506,56.53,44,3,11.56
307,Husavik,IS,2022-04-04 01:01:46,66.0449,-17.3389,26.42,91,100,8.41
308,Gritsovskiy,RU,2022-04-04 01:01:46,54.1376,38.1604,24.49,94,100,7.72
309,Port-Gentil,GA,2022-04-04 01:01:47,-0.7193,8.7815,80.58,78,85,4.32
310,Roebourne,AU,2022-04-04 01:01:47,-20.7833,117.1333,86.14,54,0,10.36
311,Great Bend,US,2022-04-04 00:59:56,38.3645,-98.7648,62.62,32,100,14.74
312,Martapura,ID,2022-04-04 01:01:48,-3.4167,114.85,78.89,78,40,2.3
313,Ozora,HU,2022-04-04 01:01:48,46.7513,18.4001,33.85,74,85,4.21
314,Leningradskiy,RU,2022-04-04 01:01:48,69.3833,178.4167,-6.72,92,100,4.03
315,Banepa,NP,2022-04-04 01:01:48,27.6298,85.5214,62.92,82,40,0.0
316,Vieques,PR,2022-04-04 00:59:18,18.425,-65.8329,77.67,77,11,11.77
317,Bongandanga,CD,2022-04-04 01:01:49,1.5,21.05,68.11,93,58,1.92
318,Lorengau,PG,2022-04-04 01:01:49,-2.0226,147.2712,84.74,68,67,4.9
319,Wad Rawah,SD,2022-04-04 01:01:49,15.1603,33.1397,90.48,16,100,7.99
320,Margau,RO,2022-04-04 01:01:50,46.75,22.9667,21.56,80,29,5.06
321,Glenwood Springs,US,2022-04-04 01:02:50,39.5505,-107.3248,52.72,59,40,3.44
322,Pechenga,RU,2022-04-04 01:02:50,69.5259,31.1703,9.72,98,97,1.23
323,Angoche,MZ,2022-04-04 01:02:51,-16.2325,39.9086,76.17,82,0,0.72
324,Akyab,MM,2022-04-04 01:02:51,20.15,92.9,79.23,84,17,8.7
325,Atasu,KZ,2022-04-04 01:02:51,48.6814,71.6433,33.13,72,80,5.68
326,Hohhot,CN,2022-04-04 01:00:10,40.8106,111.6522,50.7,28,92,2.59
327,San Juan Bautista,PE,2022-04-04 01:02:52,-14.0108,-75.7358,72.41,64,12,5.48
328,Ekhabi,RU,2022-04-04 01:02:52,53.5102,142.9671,38.77,94,26,13.49
329,Amapa,BR,2022-04-04 01:02:52,1.0,-52.0,73.0,99,100,1.77
330,Saint-Augustin,CA,2022-04-04 01:02:53,51.226,-58.6502,30.31,80,99,15.99
331,Bilma,NE,2022-04-04 01:02:53,18.6853,12.9164,82.85,6,0,4.7
332,Kaltasy,RU,2022-04-04 01:02:53,55.9693,54.8032,34.57,99,91,6.53
333,Yulara,AU,2022-04-04 01:02:53,-25.2406,130.9889,76.66,19,0,5.06
334,Djibo,BF,2022-04-04 01:02:54,14.1022,-1.6306,85.01,19,100,7.27
335,Krivodol,BG,2022-04-04 01:02:54,43.3744,23.4844,36.34,64,11,2.8
336,Sterlibashevo,RU,2022-04-04 01:02:54,53.4376,55.2578,38.93,89,100,6.26
337,Nicoya,CR,2022-04-04 01:00:28,10.1483,-85.452,82.94,58,34,1.92
338,Nyurba,RU,2022-04-04 01:02:08,63.2842,118.3319,11.59,93,93,3.11
339,Jalu,LY,2022-04-04 01:02:55,29.0331,21.5482,73.04,16,5,12.03
340,Cartagena Del Chaira,CO,2022-04-04 01:02:55,1.3349,-74.8429,72.43,95,81,1.54
341,Kiama,AU,2022-04-04 01:00:48,-34.6833,150.8667,78.26,51,100,11.99
342,Karaton,ID,2022-04-04 01:02:56,-6.3424,106.1045,79.81,76,68,4.16
343,Bratsk,RU,2022-04-04 01:02:56,56.1325,101.6142,18.09,76,99,5.28
344,Los Algarrobos,PA,2022-04-04 01:02:56,8.5,-82.4333,78.03,83,79,2.46
345,Nsanje,MW,2022-04-04 01:02:57,-16.92,35.262,73.45,90,41,2.44
346,Henties Bay,,2022-04-04 01:02:57,-22.116,14.2845,60.57,87,0,4.27
347,Simao,CN,2022-04-04 01:00:14,22.7886,100.9748,61.83,61,7,2.55
348,Pokhara,NP,2022-04-04 01:02:57,28.2333,83.9833,68.67,62,0,4.79
349,Portland,US,2022-04-04 00:58:53,45.5234,-122.6762,55.85,73,100,10.0
350,Belaya Gora,RU,2022-04-04 01:02:58,68.5333,146.4167,0.27,88,78,2.17
351,Mitu,CO,2022-04-04 01:00:03,1.1983,-70.1733,72.93,96,94,1.19
352,Balkanabat,TM,2022-04-04 01:02:58,39.5108,54.3671,71.87,19,0,3.85
353,Cootamundra,AU,2022-04-04 01:00:32,-34.65,148.0333,66.94,44,3,9.69
354,Yatou,CN,2022-04-04 01:02:58,37.15,122.3833,53.29,56,0,14.41
355,Hede,CN,2022-04-04 01:02:59,33.7681,120.2517,53.89,49,43,8.32
356,Rosetta,EG,2022-04-04 01:02:59,31.4044,30.4164,61.12,77,0,10.36
357,Crixas,BR,2022-04-04 01:02:59,-14.5489,-49.9692,72.52,60,3,2.28
358,Necochea,AR,2022-04-04 00:58:35,-38.5473,-58.7368,50.63,54,0,11.97
359,Lavrentiya,RU,2022-04-04 01:03:00,65.5833,-171.0,-2.16,81,7,11.16
360,Medea,DZ,2022-04-04 01:03:00,36.2642,2.7539,39.04,91,76,3.8
361,Roald,NO,2022-04-04 01:03:00,62.5833,6.1333,37.76,100,75,11.5
362,Inhambane,MZ,2022-04-04 01:03:00,-23.865,35.3833,75.63,74,0,9.26
363,Praia Da Vitoria,PT,2022-04-04 01:03:01,38.7333,-27.0667,58.75,87,43,14.9
364,Rahatgarh,IN,2022-04-04 01:03:01,23.7833,78.3667,79.75,16,0,6.26
365,Beloha,MG,2022-04-04 01:01:46,-25.1667,45.05,70.92,90,0,8.99
366,Quatre Cocos,MU,2022-04-04 01:03:02,-20.2078,57.7625,79.09,85,36,13.02
367,Tura,IN,2022-04-04 01:03:02,25.5198,90.2201,71.33,94,54,7.9
368,Tabas,IR,2022-04-04 01:03:02,33.5959,56.9244,72.57,14,0,4.29
369,Kandalaksha,RU,2022-04-04 01:03:03,67.162,32.4123,19.51,95,100,6.17
370,Calamar,CO,2022-04-04 01:04:03,10.2511,-74.9146,78.87,81,91,8.32
371,Huanan,CN,2022-04-04 01:04:03,46.2167,130.5167,56.98,29,5,19.64
372,Kamenskiy,RU,2022-04-04 01:04:04,50.8855,45.488,47.28,88,100,16.71
373,Hasaki,JP,2022-04-04 01:04:04,35.7333,140.8333,54.0,84,100,20.36
374,Pitkyaranta,RU,2022-04-04 01:04:05,61.5734,31.4792,23.43,93,100,5.06
375,Praia,CV,2022-04-04 01:04:05,14.9215,-23.5087,69.73,75,5,10.94
376,Auki,SB,2022-04-04 01:04:06,-8.7676,160.7034,78.67,88,100,5.99
377,Denpasar,ID,2022-04-04 01:04:06,-8.65,115.2167,83.86,83,20,1.14
378,Sechura,PE,2022-04-04 01:04:06,-5.5569,-80.8222,72.52,74,46,17.2
379,Knokke-Heist,BE,2022-04-04 01:04:07,51.3333,3.3333,42.03,79,93,5.99
380,Chengde,CN,2022-04-04 01:02:59,40.9725,117.9361,52.47,36,24,2.33
381,Uruzgan,AF,2022-04-04 01:04:07,32.8333,66.0,55.24,20,0,3.36
382,Ahipara,NZ,2022-04-04 01:04:08,-35.1667,173.1667,73.17,66,23,3.29
383,Aranos,,2022-04-04 01:04:09,-24.1333,19.1167,65.62,32,0,5.75
384,Nikolayevka,RU,2022-04-04 01:04:09,53.1257,47.2041,38.26,90,100,1.72
385,Birao,CF,2022-04-04 01:04:09,10.2849,22.7882,80.73,43,100,5.28
386,Atambua,ID,2022-04-04 01:03:33,-9.1061,124.8925,80.22,65,39,1.34
387,Urucara,BR,2022-04-04 01:04:10,-2.5364,-57.76,73.31,99,100,1.54
388,Adrar,MR,2022-04-04 01:02:21,20.5022,-10.0711,71.82,13,0,10.6
389,Azul,AR,2022-04-04 01:02:07,-36.777,-59.8585,46.58,53,0,7.27
390,Madison,US,2022-04-04 01:03:39,34.7334,-86.5667,54.82,47,0,0.0
391,Tautira,PF,2022-04-04 01:04:11,-17.7333,-149.15,82.44,72,14,12.59
392,Bikaner,IN,2022-04-04 01:04:11,28.0167,73.3,74.43,9,0,4.85
393,Alta Floresta,BR,2022-04-04 00:59:56,-9.8756,-56.0861,72.1,95,100,1.52
394,Sandpoint,US,2022-04-04 01:00:28,48.2766,-116.5533,51.85,59,100,0.0
395,Yashan,CN,2022-04-04 01:04:12,22.1975,109.9419,65.53,57,0,3.04
396,Ndele,CF,2022-04-04 01:04:13,8.4109,20.6473,80.01,58,100,11.14
397,Truth Or Consequences,US,2022-04-04 01:04:13,33.1284,-107.2528,79.03,8,0,16.11
398,Manzil Kamil,TN,2022-04-04 01:04:13,35.6248,10.6673,56.64,72,20,10.36
399,Cortez,US,2022-04-04 01:04:14,37.3489,-108.5859,59.76,36,20,8.05
400,Moindou,NC,2022-04-04 01:04:14,-21.6924,165.677,86.56,67,100,8.43
401,Alofi,NU,2022-04-04 01:04:15,-19.0595,-169.9187,80.65,70,85,8.79
402,Qaqortoq,GL,2022-04-04 01:04:15,60.7167,-46.0333,32.79,86,59,3.4
403,Cordoba,AR,2022-04-04 01:04:15,-31.4135,-64.1811,61.23,57,0,1.99
404,Jutai,BR,2022-04-04 01:04:16,-5.1833,-68.9,74.93,88,100,1.5
405,Shimoda,JP,2022-04-04 01:04:17,34.6667,138.95,52.16,89,100,15.23
406,Asfi,MA,2022-04-04 01:04:17,32.2994,-9.2372,59.58,74,100,8.52
407,Zaraza,VE,2022-04-04 01:04:17,9.3503,-65.3245,81.27,62,87,7.58
408,Nyrob,RU,2022-04-04 01:04:18,60.733,56.7202,35.26,100,100,10.18
409,Linjiang,CN,2022-04-04 01:04:18,41.8069,126.9078,51.46,35,0,8.95
410,Lander,US,2022-04-04 01:04:19,42.833,-108.7307,54.41,15,0,4.61
411,Thinadhoo,MV,2022-04-04 01:05:19,0.5333,72.9333,82.67,64,5,2.75
412,Kayerkan,RU,2022-04-04 01:05:20,69.3497,87.7602,-3.26,98,14,6.33
413,Talara,PE,2022-04-04 01:05:20,-4.5772,-81.2719,71.91,85,70,16.24
414,Were Ilu,ET,2022-04-04 01:05:20,10.6,39.4333,50.29,63,94,5.5
415,Ostrovnoy,RU,2022-04-04 01:05:21,68.0531,39.5131,14.16,92,93,6.58
416,Mustasaari,FI,2022-04-04 01:02:55,63.1142,21.6822,28.35,93,100,5.75
417,Kulhudhuffushi,MV,2022-04-04 01:00:24,6.6221,73.07,83.1,69,9,2.44
418,Kosa,RU,2022-04-04 01:05:21,59.9445,54.9977,33.85,99,100,10.42
419,Presidencia Roque Saenz Pena,AR,2022-04-04 01:05:22,-26.7852,-60.4388,67.91,98,98,6.64
420,Sarkand,KZ,2022-04-04 01:05:22,45.41,79.9186,50.58,26,95,6.55
421,Palmer,US,2022-04-04 01:01:55,42.1584,-72.3287,41.63,81,100,1.01
422,Namikupa,TZ,2022-04-04 01:05:23,-10.8333,39.6,71.71,99,94,1.63
423,Manzanares,ES,2022-04-04 01:05:23,38.9991,-3.3699,37.62,62,100,19.33
424,Wolgast,DE,2022-04-04 01:05:24,54.05,13.7667,38.86,80,100,17.65
425,Olga,RU,2022-04-04 01:05:24,43.7444,135.2892,51.82,40,0,8.59
426,Lom Sak,TH,2022-04-04 01:05:25,16.7798,101.2422,72.75,48,100,6.08
427,Komsomolskiy,UZ,2022-04-04 01:04:45,40.4272,71.7189,54.32,62,100,6.91
428,Turukhansk,RU,2022-04-04 01:05:25,65.8167,87.9833,5.65,94,65,4.79
429,Patancheru,IN,2022-04-04 01:05:26,17.5314,78.265,76.06,30,100,6.6
430,Wanning,CN,2022-04-04 01:05:26,18.8003,110.3967,70.81,69,100,11.81
431,Ballina,AU,2022-04-04 01:05:26,-28.8667,153.5667,73.58,96,98,3.47
432,Chimbote,PE,2022-04-04 01:05:27,-9.0853,-78.5783,68.04,87,94,8.34
433,Touros,BR,2022-04-04 01:05:27,-5.1989,-35.4608,77.07,90,84,8.81
434,Gardenstown,GB,2022-04-04 01:05:27,57.671,-2.336,50.13,92,100,29.21
435,Hirara,JP,2022-04-04 01:05:28,24.8,125.2833,68.94,61,81,19.3
436,Sao Goncalo,BR,2022-04-04 01:05:28,-22.8156,-43.0411,78.82,67,75,5.75
437,Valentin Gomez Farias,MX,2022-04-04 01:05:28,28.2167,-106.5833,74.46,9,67,21.94
438,Shelburne,CA,2022-04-04 01:00:29,44.0787,-80.2041,33.76,90,14,8.37
439,Ust-Ilimsk,RU,2022-04-04 01:05:29,58.0006,102.6619,17.92,89,63,3.27
440,Takoradi,GH,2022-04-04 01:05:29,4.8845,-1.7554,81.54,86,71,10.18
441,Lagoa,PT,2022-04-04 01:05:29,39.05,-27.9833,58.89,75,93,15.14
442,Markova,UA,2022-04-04 01:05:30,48.6758,24.4138,20.39,89,26,5.3
443,Lubumbashi,CD,2022-04-04 01:05:30,-11.6609,27.4794,61.39,97,99,2.39
444,Torbay,CA,2022-04-04 01:05:30,47.6666,-52.7314,35.58,87,8,5.01
445,East London,ZA,2022-04-04 01:00:33,-33.0153,27.9116,67.91,84,29,7.31
446,Zaozerne,UA,2022-04-04 01:05:31,45.1582,33.2787,42.66,76,24,14.88
447,Thaba-Tseka,LS,2022-04-04 01:05:31,-29.522,28.6084,52.11,76,100,5.21
448,Saravan,AM,2022-04-04 01:05:31,39.7196,45.6483,43.43,55,100,5.5
449,Bobo Dioulasso,BF,2022-04-04 01:05:32,11.1771,-4.2979,85.73,44,97,5.17
450,Dingle,PH,2022-04-04 01:05:32,10.9995,122.6711,83.21,71,99,12.35
451,Mackay,AU,2022-04-04 01:05:32,-21.15,149.2,80.69,72,46,10.98
452,Mazagao,BR,2022-04-04 01:05:33,-0.115,-51.2894,77.05,96,100,3.91
453,Orocue,CO,2022-04-04 01:05:33,4.7912,-71.3354,81.01,73,97,2.68
454,Meitingen,DE,2022-04-04 01:06:33,48.55,10.85,24.37,100,21,2.3
455,Huarmey,PE,2022-04-04 01:06:34,-10.0681,-78.1522,69.84,84,82,8.79
456,Baykit,RU,2022-04-04 01:06:34,61.67,96.37,12.6,92,37,1.95
457,Navahrudak,BY,2022-04-04 01:06:34,53.6,25.8333,23.36,81,35,6.11
458,Tabou,CI,2022-04-04 01:02:06,4.423,-7.3528,79.23,87,100,8.88
459,Tomari,RU,2022-04-04 01:06:35,47.7658,142.0683,42.93,82,90,24.38
460,Katherine,AU,2022-04-04 01:06:35,-14.4667,132.2667,88.12,51,0,8.05
461,Bela,IN,2022-04-04 01:06:35,25.9333,81.9833,78.78,10,0,1.16
462,Flower Mound,US,2022-04-04 01:06:36,33.0146,-97.097,78.94,44,40,13.8
463,Dabakala,CI,2022-04-04 01:06:36,8.3667,-4.4333,78.91,71,65,2.37
464,Nijar,ES,2022-04-04 01:06:36,36.9665,-2.206,49.66,50,20,13.8
465,Satipo,PE,2022-04-04 01:06:36,-11.2522,-74.6386,71.28,89,59,2.15
466,Bonavista,CA,2022-04-04 01:06:37,48.6499,-53.1147,34.59,84,64,18.72
467,Keflavik,IS,2022-04-04 01:06:37,64.0049,-22.5624,37.83,100,75,3.44
468,Salinopolis,BR,2022-04-04 01:02:34,-0.6136,-47.3561,78.84,86,100,7.9
469,Iguaba Grande,BR,2022-04-04 01:06:37,-22.8392,-42.2289,74.16,92,43,1.07
470,Kodinsk,RU,2022-04-04 01:06:38,58.6881,99.1844,15.76,89,14,2.95
471,Mae Hong Son,TH,2022-04-04 01:06:38,19.3003,97.9685,77.65,55,8,1.54
472,Souillac,MU,2022-04-04 01:02:23,-20.5167,57.5167,76.5,88,13,11.18
473,Makakilo City,US,2022-04-04 01:06:39,21.3469,-158.0858,80.92,63,20,21.85
474,Baghdad,IQ,2022-04-04 01:06:39,33.3406,44.4009,67.91,28,0,8.05
475,Northam,GB,2022-04-04 01:06:39,51.0333,-4.2167,46.62,79,100,15.14
476,Altay,CN,2022-04-04 01:06:40,47.8667,88.1167,36.27,54,0,7.61
477,Qui Nhon,VN,2022-04-04 01:06:40,13.7667,109.2333,72.95,84,100,19.75
478,Havoysund,NO,2022-04-04 01:06:40,70.9963,24.6622,26.83,60,100,12.48
479,Puerto Narino,CO,2022-04-04 01:06:40,-3.7703,-70.3831,72.72,93,8,1.86
480,Valdobbiadene,IT,2022-04-04 01:06:41,45.8993,11.9946,44.29,80,100,1.77
481,Pangody,RU,2022-04-04 01:06:41,65.85,74.4859,14.83,87,100,20.31
482,Kasongo-Lunda,CD,2022-04-04 01:06:41,-6.4667,16.8167,71.42,84,100,1.92
483,Eravur,LK,2022-04-04 01:06:42,7.7733,81.6095,77.52,86,68,3.42
484,Tukrah,LY,2022-04-04 01:06:42,32.5341,20.5791,65.32,48,0,12.75
485,Viedma,AR,2022-04-04 01:06:42,-40.8135,-62.9967,51.73,54,0,10.36
486,Grand-Santi,GF,2022-04-04 01:06:43,4.25,-54.3833,73.6,99,100,2.08
487,Matagami,CA,2022-04-04 01:06:43,49.7502,-77.6328,33.91,64,0,10.36
488,Artigas,UY,2022-04-04 01:03:03,-30.4,-56.4667,64.74,98,97,2.95
489,Tarbagatay,RU,2022-04-04 01:06:43,51.4803,107.3602,26.13,81,100,7.23
490,Selty,RU,2022-04-04 01:06:44,57.3132,52.1345,32.23,93,100,8.99
491,Bonthe,SL,2022-04-04 01:02:53,7.5264,-12.505,76.42,78,37,6.62
492,Sawtell,AU,2022-04-04 01:06:44,-30.3833,153.1,77.18,73,100,5.99
493,Galveston,US,2022-04-04 01:06:44,29.3669,-94.9669,70.05,84,0,13.2
494,Lamar,US,2022-04-04 01:02:01,33.6668,-95.5836,73.38,77,84,10.42
495,Izumo,JP,2022-04-04 01:06:45,35.3667,132.7667,53.71,54,5,7.4
496,Tabat,ID,2022-04-04 01:06:45,-2.635,115.2274,80.76,85,67,1.88
497,Riberalta,BO,2022-04-04 01:06:45,-10.9833,-66.1,74.89,79,10,1.72
498,Jinchang,CN,2022-04-04 01:06:46,38.4953,102.1739,51.24,19,98,11.83
499,Havelock,US,2022-04-04 01:05:28,34.8791,-76.9013,66.15,34,0,10.36
500,Souris,CA,2022-04-04 01:06:46,49.6172,-100.2612,35.74,92,100,4.72
501,Mnogovershinnyy,RU,2022-04-04 01:04:22,53.9353,139.9242,34.93,99,100,5.14
502,Sivaki,RU,2022-04-04 01:07:46,52.6333,126.75,30.65,46,66,16.33
503,Puerto Ayacucho,VE,2022-04-04 01:07:47,5.6639,-67.6236,77.29,83,100,5.88
504,Oskemen,KZ,2022-04-04 01:07:47,49.9565,82.6119,31.96,86,75,4.47
505,Empalme,MX,2022-04-04 01:07:47,27.9667,-110.8167,79.36,73,0,9.22
506,Teguldet,RU,2022-04-04 01:07:48,57.3064,88.1667,22.71,83,100,6.69
507,Midlothian,US,2022-04-04 01:04:28,32.4824,-96.9945,78.28,42,0,10.36
508,Hauterive,FR,2022-04-04 01:07:48,46.0901,3.4459,36.36,94,46,1.07
509,Suda,RU,2022-04-04 01:07:48,59.1525,37.5582,8.71,96,22,2.37
510,Araouane,ML,2022-04-04 01:07:49,18.9048,-3.5265,83.75,14,0,5.68
511,Prainha,BR,2022-04-04 01:07:49,-1.8,-53.48,74.14,98,100,0.69
512,Koumac,NC,2022-04-04 01:07:49,-20.5667,164.2833,83.53,77,100,8.12
513,Itarema,BR,2022-04-04 01:07:49,-2.9248,-39.9167,76.8,92,82,8.61
514,Dudinka,RU,2022-04-04 01:07:50,69.4058,86.1778,-9.4,100,100,6.31
515,Mitsamiouli,KM,2022-04-04 01:02:58,-11.3847,43.2844,81.41,75,8,2.68
516,Narsaq,GL,2022-04-04 01:03:13,60.9167,-46.05,39.42,87,42,3.58
517,Cedral,MX,2022-04-04 01:07:50,23.8,-100.7333,77.95,11,3,8.61
518,Safaga,EG,2022-04-04 01:07:51,26.7292,33.9365,76.06,33,100,15.7
519,Harper,LR,2022-04-04 01:07:51,4.375,-7.7169,79.88,85,100,9.26
520,Enshi,CN,2022-04-04 01:07:51,30.3,109.4833,61.03,70,100,0.51
521,Irbit,RU,2022-04-04 01:07:51,57.6705,63.071,37.22,90,100,9.78
522,Baijiantan,CN,2022-04-04 01:07:52,45.6333,85.1833,50.94,44,0,10.56
523,Kesinga,IN,2022-04-04 01:06:14,20.2,83.2333,78.17,65,97,4.97
524,Trincomalee,LK,2022-04-04 01:07:52,8.5711,81.2335,79.83,81,10,5.44
525,Juneau,US,2022-04-04 01:05:28,58.3019,-134.4197,40.21,95,75,26.46
526,Puntarenas,CR,2022-04-04 01:04:00,9.9763,-84.8384,82.4,72,37,4.79
527,Kapoeta,SS,2022-04-04 01:07:53,4.7717,33.5903,81.5,36,100,8.81
528,Haines Junction,CA,2022-04-04 01:07:53,60.7522,-137.5108,34.99,66,100,3.18
529,Ceres,US,2022-04-04 01:07:53,37.5949,-120.9577,80.92,21,0,19.57
530,Miyako,JP,2022-04-04 01:07:54,39.6367,141.9525,49.62,76,100,9.66
531,Irati,BR,2022-04-04 01:07:54,-25.4672,-50.6511,63.48,97,84,1.63
532,Opelousas,US,2022-04-04 01:04:24,30.5335,-92.0815,71.49,49,0,0.0
533,Dali,CN,2022-04-04 01:07:54,25.7,100.1833,52.66,86,100,4.25
534,Wilmette,US,2022-04-04 01:07:48,42.0722,-87.7228,44.4,86,40,8.05
535,Novyy Urgal,RU,2022-04-04 01:07:55,51.0736,132.5642,43.39,73,88,9.93
536,Muroto,JP,2022-04-04 01:06:00,33.2833,134.15,57.47,62,1,5.77
537,Mach,PK,2022-04-04 01:07:55,29.8637,67.3298,69.06,10,60,10.02
538,Flinders,AU,2022-04-04 01:07:55,-34.5833,150.8552,78.06,52,100,10.0
539,Temir,KZ,2022-04-04 01:07:56,49.1414,57.13,40.33,72,100,9.31
540,Berlevag,NO,2022-04-04 01:07:56,70.8578,29.0864,17.4,81,100,7.49
541,Zhigansk,RU,2022-04-04 01:07:56,66.7697,123.3711,4.46,82,61,12.46
542,Bulawayo,ZW,2022-04-04 01:07:57,-20.15,28.5833,62.24,81,20,3.2
543,Mosna,RO,2022-04-04 01:07:57,46.0833,24.4,30.49,90,25,5.97
544,Canto Do Buriti,BR,2022-04-04 01:07:57,-8.11,-42.9444,73.9,47,54,2.77
545,Kashi,CN,2022-04-04 01:07:58,39.4547,75.9797,52.75,39,2,1.81
546,Shahrud,IR,2022-04-04 01:07:58,36.4182,54.9763,60.51,25,0,0.36
547,Escarcega,MX,2022-04-04 01:07:58,18.6089,-90.7454,82.13,53,32,4.32
548,Karasjok,NO,2022-04-04 01:08:59,69.4719,25.5112,7.57,90,83,5.64
549,Kapuskasing,CA,2022-04-04 01:06:05,49.4169,-82.4331,30.58,98,100,5.17
550,Pringsewu,ID,2022-04-04 01:08:59,-5.3582,104.9744,78.64,73,94,1.74
551,Nakhon Thai,TH,2022-04-04 01:08:59,17.1006,100.8374,72.72,49,100,3.78
552,Urusha,RU,2022-04-04 01:09:00,54.05,122.9,24.44,41,100,6.87
553,Ocala,US,2022-04-04 01:05:31,29.1872,-82.1401,70.0,70,0,0.0
554,Tolland,US,2022-04-04 01:09:00,41.8501,-72.3495,40.42,93,100,3.44
555,Saint Anthony,US,2022-04-04 01:06:53,45.0205,-93.218,38.93,84,100,8.05
556,Kavieng,PG,2022-04-04 01:09:00,-2.5744,150.7967,84.07,68,100,5.21
557,Lata,PT,2022-04-04 01:09:01,40.1629,-8.3327,44.92,54,0,9.35
558,Mgandu,TZ,2022-04-04 01:09:01,-5.95,34.1333,59.32,87,100,5.01
559,Ixtapa,MX,2022-04-04 01:09:01,20.7,-105.2,73.22,73,20,11.5
560,Kapit,MY,2022-04-04 01:09:02,2.0167,112.9333,79.03,87,44,0.65
561,Kerrville,US,2022-04-04 01:08:19,30.0474,-99.1403,79.02,47,0,11.5
562,Mayo,US,2022-04-04 01:09:02,38.8876,-76.5119,48.15,48,75,17.0
563,Kattivakkam,IN,2022-04-04 01:09:02,13.2167,80.3167,82.49,89,100,8.21
564,Dangriga,BZ,2022-04-04 01:09:03,16.9692,-88.2321,78.84,80,5,9.08
565,Olafsvik,IS,2022-04-04 01:09:03,64.8945,-23.7142,33.51,78,100,21.05
566,Margate,GB,2022-04-04 01:04:47,51.3813,1.3862,40.87,65,97,4.0
567,Port Augusta,AU,2022-04-04 01:09:04,-32.5,137.7667,74.08,33,0,4.36
568,Berbera,SO,2022-04-04 01:09:04,10.4396,45.0143,79.68,81,5,3.04
569,Ornskoldsvik,SE,2022-04-04 01:09:04,63.2909,18.7153,27.77,87,100,3.42
